{"cameraMode":{"drawMode":0,"name":"Shaded","section":"Shading Mode"},"sceneLighting":false,"audioPlay":false,"sceneViewState":{"showFog":true,"showMaterialUpdate":false,"showSkybox":false,"showFlares":true,"showImageEffects":true,"showParticleSystems":true,"showVisualEffectGraphs":true,"m_FxEnabled":true},"in2DMode":false,"pivot":{"x":0.08057157695293427,"y":1.1918624639511109,"z":-1.3235249519348145},"rotation":{"x":0.021836746484041215,"y":0.7307741045951843,"z":-0.023394882678985597,"w":0.6818881034851074},"size":6.568169593811035,"orthographic":false}