{"cameraMode":{"drawMode":0,"name":"Shaded","section":"Shading Mode"},"sceneLighting":false,"audioPlay":false,"sceneViewState":{"showFog":true,"showMaterialUpdate":false,"showSkybox":false,"showFlares":true,"showImageEffects":true,"showParticleSystems":true,"showVisualEffectGraphs":true,"m_FxEnabled":true},"in2DMode":false,"pivot":{"x":0.17620615661144257,"y":1.2380179166793824,"z":0.014060437679290772},"rotation":{"x":0.021836746484041215,"y":0.7307741045951843,"z":-0.023394882678985597,"w":0.6818881034851074},"size":4.168168067932129,"orthographic":false}