{"cameraMode":{"drawMode":0,"name":"Shaded","section":"Shading Mode"},"sceneLighting":false,"audioPlay":false,"sceneViewState":{"showFog":true,"showMaterialUpdate":false,"showSkybox":false,"showFlares":true,"showImageEffects":true,"showParticleSystems":true,"showVisualEffectGraphs":true,"m_FxEnabled":true},"in2DMode":false,"pivot":{"x":0.20835131406784059,"y":0.42208606004714968,"z":0.9582787752151489},"rotation":{"x":-0.14489752054214478,"y":0.6860377788543701,"z":-0.1422879546880722,"w":-0.6987013220787048},"size":1.2967559099197388,"orthographic":false}