{"cameraMode":{"drawMode":0,"name":"Shaded","section":"Shading Mode"},"sceneLighting":false,"audioPlay":false,"sceneViewState":{"showFog":true,"showMaterialUpdate":false,"showSkybox":false,"showFlares":true,"showImageEffects":true,"showParticleSystems":true,"showVisualEffectGraphs":true,"m_FxEnabled":true},"in2DMode":false,"pivot":{"x":-1.1521053314208985,"y":0.0019983649253845217,"z":-0.2775598466396332},"rotation":{"x":0.015103093348443509,"y":0.9848783016204834,"z":-0.12717796862125398,"w":0.11674511432647705},"size":1.9904913902282715,"orthographic":false}