{"cameraMode":{"drawMode":0,"name":"Shaded","section":"Shading Mode"},"sceneLighting":false,"audioPlay":false,"sceneViewState":{"showFog":true,"showMaterialUpdate":false,"showSkybox":false,"showFlares":true,"showImageEffects":true,"showParticleSystems":true,"showVisualEffectGraphs":true,"m_FxEnabled":true},"in2DMode":false,"pivot":{"x":-0.319809228181839,"y":1.318385124206543,"z":-1.4733515977859498},"rotation":{"x":0.0004338412545621395,"y":0.7412990927696228,"z":-0.0004763758333865553,"w":0.6711905002593994},"size":9.557307243347168,"orthographic":false}