{"cameraMode":{"drawMode":0,"name":"Shaded","section":"Shading Mode"},"sceneLighting":true,"audioPlay":false,"sceneViewState":{"showFog":true,"showMaterialUpdate":false,"showSkybox":true,"showFlares":true,"showImageEffects":true,"showParticleSystems":true,"showVisualEffectGraphs":true,"m_FxEnabled":true},"in2DMode":false,"pivot":{"x":1.4471979141235352,"y":5.705738067626953,"z":4.272647857666016},"rotation":{"x":0.034269995987415317,"y":-0.33083781599998476,"z":0.012011087499558926,"w":0.9430190324783325},"size":21.540695190429689,"orthographic":false}