{"cameraMode":{"drawMode":0,"name":"Shaded","section":"Shading Mode"},"sceneLighting":true,"audioPlay":false,"sceneViewState":{"showFog":true,"showMaterialUpdate":false,"showSkybox":true,"showFlares":true,"showImageEffects":true,"showParticleSystems":true,"showVisualEffectGraphs":true,"m_FxEnabled":true},"in2DMode":false,"pivot":{"x":1.4471979141235352,"y":5.705738067626953,"z":4.272647857666016},"rotation":{"x":0.2627411186695099,"y":-0.14113081991672517,"z":0.038879234343767169,"w":0.9537262320518494},"size":37.272850036621097,"orthographic":false}