{"cameraMode":{"drawMode":0,"name":"Shaded","section":"Shading Mode"},"sceneLighting":true,"audioPlay":false,"sceneViewState":{"showFog":true,"showMaterialUpdate":false,"showSkybox":true,"showFlares":true,"showImageEffects":true,"showParticleSystems":true,"showVisualEffectGraphs":true,"m_FxEnabled":true},"in2DMode":false,"pivot":{"x":0.9300114512443543,"y":-12.247446060180664,"z":2.8760669231414797},"rotation":{"x":0.15014611184597016,"y":0.5611960887908936,"z":-0.10438136011362076,"w":0.8072385787963867},"size":27.565505981445314,"orthographic":false}