{"cameraMode":{"drawMode":0,"name":"Shaded","section":"Shading Mode"},"sceneLighting":false,"audioPlay":false,"sceneViewState":{"showFog":false,"showMaterialUpdate":false,"showSkybox":false,"showFlares":false,"showImageEffects":false,"showParticleSystems":false,"showVisualEffectGraphs":true,"m_FxEnabled":true},"in2DMode":false,"pivot":{"x":-0.23244822025299073,"y":0.9956873059272766,"z":0.014874756336212159},"rotation":{"x":0.08737219125032425,"y":0.1503305584192276,"z":-0.01333912368863821,"w":0.9846781492233276},"size":1.7114458084106446,"orthographic":false}